mjdobs,obstime,ra,dec,prob,tile_id
59308.95703125,2021-04-04T22:59:24.000,185.325439453125,8.800000190734863,0.0,29253.0
