mjdobs,obstime,ra,dec,prob,tile_id
58881.0078125,2020-02-02T00:10:30.752,280.546875,2.5,0.0,24788.0
