mjdobs,obstime,ra,dec,prob,tile_id
58680.921875,2019-07-16T22:09:21.000,343.8596496582031,-1.7000000476837158,0.0,21795.0
