mjdobs,obstime,ra,dec,prob,tile_id
58973.578125,2020-05-04T13:54:43.324,294.06317138671875,22.100000381469727,0.0,38786.0
