mjdobs,obstime,ra,dec,prob,tile_id
59621.00390625,2022-02-11T00:06:04.000,344.2622985839844,69.0,0.0,62149.0
